{
  "main": {
    "id": "dedd6bb98319a3cc",
    "type": "split",
    "children": [
      {
        "id": "a8fd5298c4eb6738",
        "type": "tabs",
        "children": [
          {
            "id": "0aa4321b1dfa6770",
            "type": "leaf",
            "state": {
              "type": "markdown",
              "state": {
                "file": "ajar.fyi.md",
                "mode": "source",
                "backlinks": true,
                "source": false
              }
            }
          }
        ]
      }
    ],
    "direction": "vertical"
  },
  "left": {
    "id": "84a30d7a81f22662",
    "type": "split",
    "children": [
      {
        "id": "841be777d5000978",
        "type": "tabs",
        "children": [
          {
            "id": "eef5ddf3eab650cf",
            "type": "leaf",
            "state": {
              "type": "file-explorer",
              "state": {
                "sortOrder": "alphabetical"
              }
            }
          },
          {
            "id": "e2a94c3647e00b3c",
            "type": "leaf",
            "state": {
              "type": "search",
              "state": {
                "query": "",
                "matchingCase": false,
                "explainSearch": false,
                "collapseAll": false,
                "extraContext": false,
                "sortOrder": "alphabetical"
              }
            }
          },
          {
            "id": "fcc1f606f833bff4",
            "type": "leaf",
            "state": {
              "type": "starred",
              "state": {}
            }
          }
        ]
      }
    ],
    "direction": "horizontal",
    "width": 300
  },
  "right": {
    "id": "8486e451e0b605a1",
    "type": "split",
    "children": [
      {
        "id": "4d6e9ed1c2661793",
        "type": "tabs",
        "children": [
          {
            "id": "440f6cbe359976a1",
            "type": "leaf",
            "state": {
              "type": "backlink",
              "state": {
                "file": "ajar.fyi.md",
                "collapseAll": false,
                "extraContext": false,
                "sortOrder": "alphabetical",
                "showSearch": false,
                "searchQuery": "",
                "backlinkCollapsed": false,
                "unlinkedCollapsed": true
              }
            }
          },
          {
            "id": "68d38633d47500f7",
            "type": "leaf",
            "state": {
              "type": "outgoing-link",
              "state": {
                "file": "ajar.fyi.md",
                "linksCollapsed": false,
                "unlinkedCollapsed": true
              }
            }
          },
          {
            "id": "8e5f8d7c1413ba74",
            "type": "leaf",
            "state": {
              "type": "tag",
              "state": {
                "sortOrder": "frequency",
                "useHierarchy": true
              }
            }
          },
          {
            "id": "e6310533d65c0ebc",
            "type": "leaf",
            "state": {
              "type": "outline",
              "state": {
                "file": "ajar.fyi.md"
              }
            }
          }
        ]
      }
    ],
    "direction": "horizontal",
    "width": 300,
    "collapsed": true
  },
  "left-ribbon": {
    "hiddenItems": {
      "obsidian-markbase:Sync all Markbase projects": false,
      "switcher:Open quick switcher": false,
      "graph:Open graph view": false,
      "canvas:Create new canvas": false,
      "daily-notes:Open today's daily note": false,
      "templates:Insert template": false,
      "command-palette:Open command palette": false
    }
  },
  "active": "0aa4321b1dfa6770",
  "lastOpenFiles": [
    "ajar.fyi.md",
    "Untitled.canvas"
  ]
}